Desired Curve,0.1,0.1,0.1,0.1,0.1,0.1,0.1,0.1,0.1,0.1,0.1,0.1,0.1,0.1,0.1,0.1,0.1,0.1,0.1,0.1,0.1,0.1,0.1,0.1,0.1,0.1,0.1,0.1,0.1,0.1,0.1,0.1,0.1,0.1,0.1,0.1,0.1,0.1,0.1,0.1,0.1,0.1,0.1,0.1,0.1,0.1,0.1,0.1,0.1,0.1,0.1,0.9,0.9,0.9,0.9,0.9,0.9,0.9,0.9,0.9,0.9,0.9,0.9,0.9,0.9,0.9,0.9,0.9,0.9,0.9,0.9,0.9,0.9,0.9,0.9,0.9,0.9,0.9,0.9,0.9,0.9,0.9,0.9,0.9,0.9,0.9,0.9,0.9,0.9,0.9,0.9,0.9,0.9,0.9,0.9,0.9,0.9,0.9,0.9,0.9,0.9,


Generation,1
ACTIONS,0.5,0.5,0,0,0.5,0.5,0,0.5,0.5,0.5,0,0.5,1,1,1,0.5,0.5,0.5,1,0,0.5,0.5,0.5,0,0.5,0.5,1,0,0,0,0.5,0,0.5,0.5,1,1,1,
ACTIONS,0.5,0.5,0,0,0.5,0.5,0.5,0,0.5,0.5,1,1,1,1,1,1,1,1,0,0,0.5,0.5,0.5,1,1,0.5,0.5,
ACTIONS,0.5,0.5,0.5,0.5,0,0,0.5,0.5,0.5,0.5,0.5,0.5,0.5,1,0,0,0.5,0.5,1,0,0,0.5,0.5,0.5,0,0.5,0.5,1,0,0,0.5,0.5,0.5,1,1,1,1,1,
ACTIONS,1,1,1,1,1,0.5,0.5,0.5,0.5,
ACTIONS,0.5,0.5,0,0.5,0.5,0.5,0,0.5,1,1,1,1,1,1,0,0,0.5,0.5,0.5,1,1,0,0,1,1,0,0.5,0.5,1,1,1,0.5,0.5,0.5,0.5,1,1,1,0,0,0,0.5,
ACTIONS,
ACTIONS,0.5,0.5,0.5,0.5,0.5,1,1,0,0.5,0.5,0.5,1,0,0,0,0.5,0.5,
ACTIONS,0.5,0.5,0.5,0.5,0.5,1,1,0,0,0.5,0.5,0.5,0.5,0.5,0,0.5,0.5,1,0,0,0.5,0.5,0,0,0.5,0.5,0.5,0,0,0.5,0.5,0.5,0.5,0.5,1,1,0,0.5,0.5,0.5,1,0,0,0.5,0.5,1,0,0.5,0.5,
ACTIONS,0,0,0,0,0,0,0,0.5,1,1,1,0.5,0.5,1,
ACTIONS,0,0,0,0,0.5,0.5,0.5,1,1,1,1,0,0,0.5,0.5,0.5,0.5,0.5,1,1,0.5,0.5,0.5,0.5,0.5,0.5,0.5,1,1,1,0.5,0.5,0.5,1,0,0,0,0,0,0,0,0,0,0.5,0.5,1,1,0.5,0.5,1,


Generation,2
ACTIONS,
ACTIONS,0.5,0.5,0.5,0,0,0.5,0.5,0.5,0.5,0.5,0.5,
ACTIONS,
ACTIONS,0.5,0.5,0.5,1,1,1,1,0.5,0.5,0.5,1,1,1,1,0,0,0.5,1,1,0.5,0.5,0.5,1,1,0.5,0.5,0.5,1,1,1,0,0.5,
ACTIONS,0.5,0.5,0.5,0.5,0.5,0.5,1,1,1,1,0,0.5,0.5,1,0,0,0.5,0.5,1,1,1,1,1,1,1,0,0,0.5,0.5,1,
ACTIONS,0.5,0.5,0.5,0.5,0.5,0.5,0.5,0.5,0.5,1,1,1,1,0.5,0.5,
ACTIONS,0.5,0.5,
ACTIONS,0,0,0,
ACTIONS,0,0.5,0.5,0.5,0.5,0.5,0.5,1,0,
ACTIONS,0,


Generation,3
ACTIONS,0.5,0.5,1,1,
ACTIONS,
ACTIONS,0,0.5,0.5,1,0,
ACTIONS,0.5,1,
ACTIONS,0.5,1,0,0,
ACTIONS,0.5,0.5,0,
ACTIONS,0.5,0.5,0.5,0,0,0,0.5,0.5,0,
ACTIONS,
ACTIONS,0.5,1,1,0,0,0,0.5,0.5,0,0,0,0.5,0.5,0.5,0.5,0,0,0,0.5,0.5,
ACTIONS,0.5,0.5,0.5,0.5,0.5,0.5,1,0,0,0.5,0.5,0,0.5,0.5,1,0,0.5,0.5,0.5,1,1,1,1,1,0,1,1,1,1,0,


Generation,4
ACTIONS,0.5,0.5,1,0,
ACTIONS,0,0,0,0,0,0,
ACTIONS,0.5,1,1,1,0,0,0,0.5,1,0,0,0.5,0.5,1,0,1,1,0,
ACTIONS,0.5,0.5,0.5,0,0.5,
ACTIONS,
ACTIONS,0.5,0.5,1,
ACTIONS,
ACTIONS,0,0.5,0,0,0.5,0.5,0.5,0,0.5,1,1,0,0.5,0.5,0.5,0,0,0.5,1,0,0.5,0.5,
ACTIONS,0.5,0.5,0,0,0.5,0.5,0,0.5,0.5,0.5,0.5,0.5,0.5,0,0.5,0.5,0.5,1,0,0.5,0.5,0.5,
ACTIONS,0,0,0.5,0.5,0.5,0.5,1,


Generation,5
ACTIONS,0,0.5,0.5,1,0,0.5,1,
ACTIONS,0.5,0.5,1,1,0,0.5,0.5,0.5,0.5,1,0,0,0.5,0.5,0.5,0.5,0.5,0,0,0,0.5,0,0,0,0.5,1,0,0.5,0.5,
ACTIONS,0.5,0.5,0.5,0.5,0.5,1,0,0.5,0.5,0.5,0,0,0.5,0.5,0,0,0,0.5,0.5,0,0.5,0.5,0.5,1,1,1,1,1,1,1,1,
ACTIONS,
ACTIONS,0.5,0.5,1,0,0.5,0.5,1,1,0,0.5,0.5,1,0,0.5,0.5,1,1,0,0,0.5,0.5,0.5,0.5,0.5,0.5,0.5,0.5,0.5,0.5,1,0,0,0.5,0.5,0.5,0.5,0.5,0.5,0.5,1,1,0,0,0,0.5,0.5,1,0,0.5,1,1,1,0,0.5,0.5,1,0,0,0.5,0.5,1,0,0,0.5,0.5,1,1,0.5,0.5,0.5,1,0,0,0,0.5,0,0.5,0.5,0.5,0.5,0.5,
ACTIONS,0.5,1,1,0.5,0.5,1,1,1,1,0,0,0,0,0.5,0.5,0.5,0.5,1,1,1,1,0,0.5,0.5,0.5,1,0,1,1,1,1,0,0.5,0.5,1,1,1,
ACTIONS,0.5,0.5,0,0.5,0.5,0.5,0.5,0.5,0,0.5,0.5,0.5,1,1,1,0,0,0.5,0,0.5,0.5,0.5,0,0,0.5,0.5,0.5,0.5,0.5,0.5,1,1,1,0,0,0.5,0.5,1,0,0.5,0.5,1,1,1,1,1,1,
ACTIONS,0.5,0.5,1,
ACTIONS,0.5,0.5,1,0,0,0,
ACTIONS,0,0.5,0.5,0,0,0.5,0.5,0.5,0.5,0.5,0.5,0.5,1,1,1,0,0.5,0.5,0.5,0.5,0,0,0.5,0.5,0,0,0.5,0.5,0.5,1,1,1,


Generation,6
ACTIONS,0.5,0.5,1,0,0,0.5,0.5,0,0,0.5,0.5,0.5,
ACTIONS,0.5,0.5,1,0,0.5,0.5,0.5,
ACTIONS,0.5,0.5,0.5,0,0.5,0.5,1,1,1,1,1,
ACTIONS,
ACTIONS,0.5,0.5,
ACTIONS,0,0.5,0.5,0,0.5,0.5,0.5,0.5,0,0.5,0.5,0.5,0.5,1,1,1,1,1,0.5,0.5,0.5,1,1,
ACTIONS,0.5,0.5,1,
ACTIONS,0.5,1,0,0,0.5,0.5,
ACTIONS,1,1,1,0.5,0.5,1,1,0,0,
ACTIONS,0,0.5,0.5,0,0,0.5,0.5,


Generation,7
ACTIONS,0,0.5,0.5,0.5,0,0,0.5,0.5,0.5,1,0,0,0.5,0.5,0.5,1,1,0,0,0,0.5,0.5,
ACTIONS,0.5,
ACTIONS,0.5,0.5,0,0.5,
ACTIONS,0.5,0.5,0,0.5,0.5,0.5,1,0,0,0,0.5,0.5,0,0.5,0.5,0.5,0,0.5,0.5,
ACTIONS,
ACTIONS,
ACTIONS,
ACTIONS,
ACTIONS,0.5,0.5,
ACTIONS,1,1,1,1,0.5,0.5,0.5,1,1,1,1,0,0.5,1,1,1,0,0,0,0,0,0,0,0,


Generation,8
ACTIONS,0,0,0,0.5,0,0,
ACTIONS,1,1,
ACTIONS,0.5,0.5,0.5,0,0.5,0.5,1,
ACTIONS,0.5,0.5,1,0,0,0,0,0.5,0,0,0,0.5,0.5,
ACTIONS,
ACTIONS,0.5,0.5,1,0,0.5,0.5,0.5,1,1,1,
ACTIONS,0.5,0.5,
ACTIONS,0,0.5,0.5,
ACTIONS,
ACTIONS,0.5,0.5,


Generation,9
ACTIONS,
ACTIONS,
ACTIONS,0.5,0.5,
ACTIONS,0,0.5,0.5,0,0.5,0.5,0.5,0,0,0,0,0.5,0.5,
ACTIONS,1,1,
ACTIONS,0,0,0,0.5,0,0,0.5,0.5,0.5,1,0,0,0,0,0,0.5,0.5,0.5,0.5,0.5,0.5,1,1,1,0,0,0,0,0.5,0.5,0.5,0.5,0,0,0,0,0.5,0.5,0,0,0.5,0.5,1,0,0,0.5,0.5,0.5,0.5,0.5,1,1,0,0,0.5,0.5,0,0,0.5,1,0.5,0.5,0.5,0.5,1,0,0,0.5,0.5,0.5,0.5,
ACTIONS,0,0.5,0.5,0.5,0.5,0.5,0,0,0.5,1,1,1,1,0.5,0.5,0.5,0.5,1,1,0,0,0,0.5,1,
ACTIONS,0.5,0.5,0.5,0,0,0.5,0.5,0.5,0.5,0.5,0.5,0.5,0.5,0,
ACTIONS,0.5,0.5,0.5,0.5,0.5,1,1,0,0,0,0.5,0.5,0.5,0,0,0.5,1,1,0,0,1,1,0.5,0.5,0.5,1,0,0,0,0.5,0,0,0.5,0.5,0,0.5,0.5,0.5,1,1,1,1,1,1,1,0,0,0.5,0.5,0.5,1,1,1,1,1,
ACTIONS,0.5,


Generation,10
ACTIONS,0,0,0.5,0.5,0,0,0.5,
ACTIONS,0,0.5,0.5,0,0,0.5,0.5,
ACTIONS,
ACTIONS,0.5,0.5,0,0,0.5,0.5,0.5,0.5,0.5,0.5,0.5,1,1,0,0,0.5,0.5,0.5,1,0,0,0.5,0.5,0.5,0,0.5,0.5,1,1,1,1,0,0,0.5,0.5,0.5,0.5,0.5,1,0,0,0.5,0.5,0.5,0.5,0.5,1,1,0,0,0.5,0.5,1,0,0,0.5,1,0,0,0,
ACTIONS,
ACTIONS,
ACTIONS,1,1,0.5,0.5,0.5,1,0,0,0.5,0.5,0.5,0.5,0.5,0.5,0.5,1,0.5,0.5,
ACTIONS,0.5,0.5,1,1,1,1,
ACTIONS,0.5,0,0,0,0.5,0.5,0.5,0.5,0,0.5,0.5,0.5,0.5,0.5,0.5,1,1,0,
ACTIONS,


Generation,11
ACTIONS,
ACTIONS,0,0.5,
ACTIONS,0.5,1,0,0,0.5,0.5,0.5,0.5,0,0,0,0,0,0,0.5,0.5,0.5,1,1,1,1,1,0.5,0.5,0.5,1,0,1,1,1,1,1,1,0.5,0.5,1,1,0,0,0.5,0.5,0.5,1,1,1,1,0.5,0.5,0.5,1,0,0,0,0.5,0.5,1,1,
ACTIONS,0.5,0.5,0.5,0.5,0.5,0.5,1,0.5,0.5,0.5,0.5,0.5,0.5,0.5,1,0,
ACTIONS,
ACTIONS,0.5,0.5,1,1,0.5,0.5,0.5,1,0,0.5,0.5,0.5,
ACTIONS,0,0,0.5,0.5,0,
ACTIONS,0.5,1,1,0,0,0.5,0.5,0.5,1,0,0.5,0.5,0.5,0,0,0.5,0.5,0.5,0,0.5,0.5,1,1,1,1,0,0,0.5,0.5,1,0.5,0.5,0.5,0.5,0.5,1,1,1,1,1,1,1,1,0.5,0.5,1,1,0,0,0,0.5,0.5,0.5,0.5,0,0,0.5,0.5,0.5,0.5,0.5,0.5,0,0.5,
ACTIONS,0.5,0.5,0.5,0,0,0,0.5,0,0.5,0.5,1,0.5,
ACTIONS,


Generation,12
ACTIONS,0.5,0.5,0.5,0.5,0.5,0.5,1,0,0,0.5,0.5,0.5,0.5,0.5,0.5,0.5,0.5,0.5,0.5,
ACTIONS,0.5,
ACTIONS,0,0.5,0.5,0.5,0.5,0.5,0.5,1,1,0,0,0.5,0.5,0.5,0.5,0.5,0.5,0.5,0.5,0.5,0.5,1,1,0,1,1,1,0,0.5,0.5,0.5,0,0.5,0.5,0.5,0.5,0.5,
ACTIONS,0.5,0.5,1,0,
ACTIONS,0.5,0.5,0.5,1,1,1,0,0,0,0,0,0.5,0.5,0.5,0.5,0.5,
ACTIONS,1,1,1,0,0.5,0.5,1,1,1,1,0,0,0.5,0.5,0.5,1,1,0,
ACTIONS,0.5,0.5,0,0,0.5,0.5,0.5,0.5,0.5,1,0,0.5,0.5,0.5,0.5,0.5,0.5,1,0,0,0,0.5,0,0.5,0.5,0.5,0.5,0.5,0.5,1,0,0.5,0.5,1,0,0.5,0.5,0.5,0.5,0.5,0.5,1,1,1,1,1,1,
ACTIONS,0,0.5,0.5,0,0,0.5,0.5,0.5,1,0.5,0.5,0.5,1,1,0,0,0.5,
ACTIONS,0.5,1,
ACTIONS,1,1,1,1,0.5,1,1,0,0,0,0.5,0.5,0,


Generation,13
ACTIONS,0.5,0.5,0,0,0.5,0.5,0.5,0,0,0.5,0.5,0.5,0.5,0.5,1,0,0,0.5,0.5,
ACTIONS,0.5,0.5,0,0,0.5,0.5,0,0,0,0,0.5,0.5,0.5,0,0.5,1,1,0.5,0.5,0.5,0.5,0.5,1,0.5,0.5,0.5,1,1,1,1,
ACTIONS,0.5,0.5,0.5,0,0,0.5,1,0.5,0.5,0.5,0.5,1,
ACTIONS,
ACTIONS,
ACTIONS,0.5,0.5,1,0,0,0,0.5,0.5,0.5,0.5,0.5,1,0,0,0.5,0.5,1,1,1,
ACTIONS,0.5,0.5,1,0,0,0.5,0.5,0.5,0.5,0.5,
ACTIONS,
ACTIONS,0,0,0.5,0,0.5,0.5,1,1,1,1,1,0,1,1,
ACTIONS,0.5,0.5,0,0.5,0.5,0.5,


Generation,14
ACTIONS,1,1,1,1,1,0.5,0.5,0.5,
ACTIONS,1,0,0.5,1,1,1,0,0,0.5,0.5,0,0.5,1,1,1,1,1,1,1,1,1,0,0.5,0.5,0.5,0.5,0.5,0.5,0.5,1,0,0.5,0.5,1,
ACTIONS,
ACTIONS,0.5,0.5,1,1,0.5,0.5,0.5,0.5,
ACTIONS,0.5,0.5,0.5,0.5,1,0,0,0.5,
ACTIONS,0,0.5,0.5,1,0,0,0.5,0.5,
ACTIONS,0.5,0.5,0.5,0.5,1,1,1,0.5,0.5,0.5,0.5,1,0,
ACTIONS,
ACTIONS,0.5,0.5,0.5,0.5,
ACTIONS,0,0.5,0.5,0,0,0.5,0.5,1,0.5,0.5,0.5,0.5,1,0,0.5,0.5,1,0,0.5,0.5,0.5,1,1,0,0.5,0.5,1,0,


Generation,15
ACTIONS,1,1,1,0,0,1,1,
ACTIONS,0,0.5,0.5,1,0,0.5,0.5,0.5,0.5,1,1,1,0,0,0.5,0.5,0.5,0.5,1,0,0,
ACTIONS,0,0.5,0.5,0.5,0,0,0,0,0,0,0,0.5,0,0,0,0.5,0,0,0,0,0,0,0,0.5,0.5,0.5,1,1,1,1,1,1,0,0.5,0.5,1,1,1,1,1,1,1,1,1,1,1,1,1,1,1,1,
ACTIONS,
ACTIONS,0,0.5,
ACTIONS,0.5,1,1,1,0,0,0.5,0.5,0.5,
ACTIONS,
ACTIONS,
ACTIONS,0,
ACTIONS,1,1,0,0,


Generation,16
ACTIONS,0.5,0.5,0.5,1,0,0.5,0.5,1,1,1,0,0,0.5,
ACTIONS,
ACTIONS,0.5,0.5,0.5,0,0.5,0.5,1,1,1,
ACTIONS,1,1,1,0,0.5,1,1,1,1,1,1,1,0.5,0.5,0.5,
ACTIONS,0.5,0.5,0.5,0.5,0.5,0.5,
ACTIONS,0,0.5,1,0,0.5,0.5,1,1,0,0.5,0.5,1,1,0.5,0.5,1,1,1,0.5,0.5,0.5,1,1,0,0,0.5,1,0,0,0.5,0.5,0,0,0.5,0.5,0.5,0,0,0,0.5,1,0,0.5,0.5,0.5,0,0.5,0.5,
ACTIONS,0.5,1,1,1,0,0.5,1,1,1,0,1,1,0,0,0.5,
ACTIONS,1,1,1,1,0,1,1,1,1,0.5,0.5,1,1,0,0.5,0.5,0.5,0.5,
ACTIONS,0,0.5,0,0,0,0,0,0.5,0.5,0.5,0,0,0,0,0,0,0,0,0,0,0,0,0,0,0.5,
ACTIONS,0.5,0.5,1,0,0.5,0.5,0.5,0.5,0.5,0.5,0.5,0.5,0.5,0,0.5,0.5,0.5,0.5,0.5,1,1,0,0,0.5,0.5,1,0,0.5,0.5,1,1,0,1,1,0,0.5,1,0,1,1,1,0,0,0.5,


Generation,17
ACTIONS,0.5,0.5,1,0,0.5,1,1,0,0.5,0.5,1,1,0,0,0,0,0.5,0.5,0,0,0.5,
ACTIONS,0.5,
ACTIONS,0,0,0.5,0.5,0,0.5,1,1,1,0,0,0,0,0,0.5,0.5,0,0.5,1,1,
ACTIONS,
ACTIONS,
ACTIONS,0,0.5,0.5,
ACTIONS,0.5,0.5,
ACTIONS,0.5,
ACTIONS,0.5,1,0,0.5,0.5,1,0,0.5,1,1,0.5,0.5,1,1,0,0,0.5,0.5,0,0.5,0.5,1,1,0,0,0,0.5,0.5,0,0.5,0.5,1,1,1,0,0,0.5,0.5,1,0,0,0.5,0.5,1,0,0.5,0.5,1,0,0.5,0.5,1,
ACTIONS,0.5,0.5,0.5,0.5,0.5,1,1,1,1,1,1,


Generation,18
ACTIONS,1,0,0,
ACTIONS,0.5,0.5,1,1,0,0,0.5,0.5,0.5,0.5,0.5,0.5,1,1,1,1,
ACTIONS,
ACTIONS,
ACTIONS,1,1,1,1,1,1,0.5,0.5,0.5,0.5,0.5,1,1,0,0,0.5,1,1,0.5,0.5,0.5,
ACTIONS,0.5,0.5,
ACTIONS,0,0,0,0,0,0,0.5,0.5,0,0,0,0,0,0,0,0,0,0,0,0,0.5,0.5,0,0,0.5,0.5,0.5,0.5,0.5,0,0.5,0.5,
ACTIONS,
ACTIONS,0.5,0.5,0.5,0.5,0.5,1,0,0,0.5,0.5,0,0,1,1,0,0,0.5,0.5,1,1,1,1,0,
ACTIONS,0,0,0.5,0,0.5,0.5,0.5,0.5,0.5,0.5,0.5,0.5,0,0,0,0.5,0.5,0.5,0.5,0.5,1,1,1,1,1,


Generation,19
ACTIONS,0,0.5,1,0,0,0.5,0.5,
ACTIONS,0.5,0.5,0.5,0.5,0.5,0.5,1,1,0,0,0.5,0.5,0.5,0,
ACTIONS,0,0.5,0.5,1,0,
ACTIONS,0.5,0.5,0.5,0,0,0.5,0.5,0.5,0.5,1,1,1,1,1,1,0,0,1,1,
ACTIONS,0.5,0.5,0.5,0.5,1,1,0,0,0,0.5,0.5,
ACTIONS,0.5,1,1,1,0,0,0,0.5,0,0,0.5,0.5,0,0.5,0.5,0.5,0,
ACTIONS,
ACTIONS,0,0.5,0.5,0,0.5,0.5,1,0,
ACTIONS,0.5,0.5,0.5,0.5,0.5,0.5,1,0,0,0,0.5,0.5,0.5,0,0.5,
ACTIONS,0,0.5,


Generation,20
ACTIONS,0.5,0.5,1,0,0.5,0.5,
ACTIONS,0.5,0.5,0,0.5,0.5,0.5,0.5,0.5,0.5,1,1,1,1,1,1,1,1,1,0.5,0.5,0.5,0.5,0.5,0.5,0.5,1,1,1,
ACTIONS,0.5,0.5,0,0.5,0.5,0.5,
ACTIONS,0.5,1,1,1,1,0,0.5,
ACTIONS,1,1,1,1,1,
ACTIONS,0,0,0.5,0,0.5,0.5,1,1,1,1,1,1,0,0,
ACTIONS,
ACTIONS,0.5,0.5,0.5,
ACTIONS,0.5,0.5,
ACTIONS,0.5,0.5,0.5,0.5,1,1,1,1,1,0.5,0.5,0.5,0.5,


Generation,21
ACTIONS,
ACTIONS,0.5,1,0,0,0.5,0.5,0.5,0.5,0.5,
ACTIONS,0.5,0.5,
ACTIONS,0.5,0.5,0,0.5,0.5,0.5,0.5,0.5,0.5,
ACTIONS,0,0.5,0.5,0.5,0,0.5,0.5,0.5,1,0,0,0.5,0.5,0,0.5,0.5,0.5,0.5,1,1,1,
ACTIONS,
ACTIONS,1,
ACTIONS,
ACTIONS,0,0.5,
ACTIONS,0,0.5,0.5,1,0,0,1,1,0,0,0.5,0.5,0.5,1,1,0,0,


Generation,22
ACTIONS,
ACTIONS,0.5,0.5,0.5,0.5,1,0,0,0.5,0.5,0,0.5,
ACTIONS,0,0,0,0,0,0,0,0,0.5,0.5,0.5,0.5,
ACTIONS,0.5,0.5,1,1,1,1,
ACTIONS,
ACTIONS,0,0.5,
ACTIONS,
ACTIONS,0,
ACTIONS,0.5,0.5,0.5,0.5,0.5,0.5,0.5,0.5,0,0,0.5,0.5,0,0,0,0.5,0,0,0.5,
ACTIONS,0.5,0.5,1,0,0.5,0.5,0.5,1,1,1,0,0.5,0.5,0.5,1,1,0,0,0,0.5,0.5,0,0,0,0,0.5,0.5,0.5,0,0,0.5,0.5,


Generation,23
ACTIONS,0.5,0.5,1,1,1,
ACTIONS,0.5,0.5,0.5,0.5,0.5,0.5,1,1,1,1,1,0,0,0.5,0.5,1,1,0.5,0.5,0.5,1,1,0.5,0.5,0,0.5,0.5,0.5,1,0,0,0,0.5,
ACTIONS,0.5,0.5,1,0,0,0.5,0.5,1,0,0,0.5,0.5,0.5,
ACTIONS,0.5,0.5,0,
ACTIONS,
ACTIONS,0,0.5,0.5,1,1,1,0.5,0.5,0.5,
ACTIONS,
ACTIONS,0.5,0.5,0.5,
ACTIONS,0.5,0.5,0.5,1,
ACTIONS,0.5,0.5,1,


Generation,24
ACTIONS,0,0,0.5,0,
ACTIONS,
ACTIONS,
ACTIONS,0.5,0.5,0,0.5,0.5,0.5,1,1,0.5,0.5,0.5,0.5,1,0,0,0.5,0.5,0.5,0,0,0,
ACTIONS,0.5,0.5,0.5,0,0,0.5,0.5,0.5,0.5,1,1,
ACTIONS,
ACTIONS,0,0,0,0,0,0,0,0,0,0,0,0,0,0,0,0,0,0,0,0,0,0.5,0.5,0.5,1,1,1,1,1,1,
ACTIONS,0,0,0.5,0,0.5,0.5,0.5,0.5,0.5,0.5,0.5,0,0,0,0.5,0.5,1,0,0.5,0.5,0.5,0.5,0.5,0.5,
ACTIONS,0,0.5,0.5,1,0.5,0.5,0.5,1,1,0,0,0.5,0.5,0,0.5,0.5,1,0.5,0.5,0.5,1,0,0,0,0.5,
ACTIONS,0,0.5,0.5,0,0.5,0.5,1,0,0.5,0.5,0.5,0,0.5,0.5,0.5,0.5,0.5,0.5,1,1,


Generation,25
ACTIONS,
ACTIONS,0,0,0,0,0,0,0,0,0.5,0.5,0.5,0,0.5,0.5,1,1,1,1,1,1,1,1,1,1,1,1,1,0,0,0.5,0.5,1,1,1,0,0,0,0,0,0,0,0.5,0.5,0.5,0.5,1,1,1,1,1,0,0,
ACTIONS,0.5,0.5,0.5,0.5,0.5,0.5,1,
ACTIONS,0.5,0.5,1,0.5,0.5,1,1,
ACTIONS,0,0,0,0,0,0,
ACTIONS,0.5,1,1,
ACTIONS,0,0.5,0.5,1,0.5,0.5,0.5,0.5,1,1,0,
ACTIONS,0.5,1,1,0,0,0.5,0.5,
ACTIONS,0.5,1,0,0,0,0.5,0.5,1,0,0,0,0,0,0,0,0,0.5,0.5,0.5,0.5,0.5,0.5,0.5,0.5,0.5,0.5,1,0,0.5,0.5,1,1,1,0.5,0.5,1,1,0,0.5,0.5,1,0.5,0.5,1,1,1,
ACTIONS,0.5,0.5,0,0,0.5,0.5,0,0.5,0.5,0.5,1,1,0,0,0.5,0.5,1,1,1,1,1,1,1,1,1,


Generation,26
ACTIONS,0.5,0.5,0.5,0.5,0.5,0.5,1,1,1,1,1,1,0.5,0.5,0.5,0.5,1,1,1,0,0.5,0.5,1,1,0,0,0,
ACTIONS,0.5,1,0,0,0,0.5,0,0.5,0.5,0.5,0.5,1,1,1,1,
ACTIONS,0,0,0.5,0.5,0,1,1,1,0.5,0.5,0.5,1,0,
ACTIONS,
ACTIONS,0.5,0.5,0.5,0.5,
ACTIONS,0,0.5,0.5,1,0,1,1,1,0.5,0.5,0.5,0.5,1,0,0,
ACTIONS,0.5,0.5,0.5,1,1,1,1,1,0.5,0.5,1,1,0.5,0.5,0.5,0.5,1,0,0.5,
ACTIONS,0.5,0.5,1,0,0,0,0,0.5,0.5,0.5,0.5,0.5,0.5,0,0,0.5,0.5,0.5,0.5,0,0.5,0.5,
ACTIONS,0.5,0.5,0.5,1,0,0,0.5,0.5,0.5,0.5,0.5,0.5,0.5,0.5,0.5,0.5,0.5,1,0,0,0,0.5,
ACTIONS,0.5,0.5,0.5,0.5,


Generation,27
ACTIONS,0,0.5,0.5,0,0.5,0.5,0.5,0.5,0.5,0.5,0.5,0.5,0.5,0.5,1,1,1,0,0.5,0.5,0.5,0.5,0.5,0,0,
ACTIONS,
ACTIONS,0.5,
ACTIONS,
ACTIONS,0.5,0.5,1,0,0,0.5,0.5,0.5,0.5,1,1,
ACTIONS,0.5,0.5,0.5,0.5,1,1,0.5,0.5,0.5,1,0,0.5,0.5,
ACTIONS,0.5,1,0,0,0,0,0,0,0.5,0.5,0.5,0,0,0,0.5,0,0,0.5,0.5,0,
ACTIONS,0.5,0.5,0.5,1,
ACTIONS,0.5,0.5,0.5,1,1,0.5,0.5,0.5,0.5,1,
ACTIONS,0.5,0.5,0.5,1,0.5,0.5,


Generation,28
ACTIONS,0.5,0.5,1,1,1,1,0.5,0.5,0.5,1,1,1,0,0,0.5,0.5,0.5,
ACTIONS,0,
ACTIONS,0.5,1,0,0.5,0.5,1,1,0,0.5,
ACTIONS,
ACTIONS,0.5,1,0,0,0.5,0.5,
ACTIONS,
ACTIONS,0.5,0.5,0,0.5,0.5,0.5,1,
ACTIONS,0,0,0.5,0.5,0.5,0.5,0.5,0.5,
ACTIONS,0.5,0.5,1,1,1,0,0,0,0,1,
ACTIONS,0,0,0,0,0,0,0,0,0,0,0,0,0,0,0,0,0,0,0,0,0,0,0,0,0,0,0,0,0,


Generation,29
ACTIONS,0.5,0.5,0,0,0.5,0.5,0,0.5,0.5,0.5,0.5,0.5,0.5,1,0,0,0,0.5,0,0.5,0.5,0.5,0,0,0.5,0.5,0,0.5,0.5,0.5,0,0.5,0.5,0.5,0.5,0.5,0.5,1,0,0,
ACTIONS,
ACTIONS,0,
ACTIONS,0.5,0.5,1,1,0,0.5,0.5,1,1,1,0.5,0.5,
ACTIONS,0.5,0.5,1,0,0.5,0.5,0.5,0.5,0,0,0.5,0.5,0.5,0,0.5,0.5,0.5,0,0.5,0.5,1,0,
ACTIONS,0,0.5,
ACTIONS,0,0.5,0.5,0.5,0,0.5,0.5,0.5,0.5,0,0.5,0.5,0.5,0.5,0.5,0.5,0.5,0.5,1,0,0.5,1,1,1,1,1,1,0,0,0,
ACTIONS,
ACTIONS,
ACTIONS,0,0.5,


Generation,30
ACTIONS,
ACTIONS,0.5,0,0,0.5,0.5,0.5,0.5,0.5,0.5,0.5,0.5,1,0,0,0.5,0.5,0.5,0.5,0.5,1,0,0,0,0.5,0,0,0,0.5,0.5,0.5,
ACTIONS,0.5,
ACTIONS,0.5,1,1,0,
ACTIONS,
ACTIONS,1,1,1,0.5,0.5,1,1,0,0,0.5,0.5,0.5,0.5,0.5,0.5,0.5,0.5,0.5,1,0,0.5,0.5,0.5,1,0,0,0,0.5,0,0.5,0.5,0.5,0.5,0.5,0.5,
ACTIONS,
ACTIONS,
ACTIONS,0,0.5,0.5,0,
ACTIONS,0.5,0.5,0.5,0.5,0.5,0.5,1,1,0,0,0,0,0.5,0.5,0,0.5,0.5,1,1,1,1,1,1,0,0.5,0.5,1,


Generation,31
ACTIONS,0.5,
ACTIONS,
ACTIONS,0.5,0.5,0.5,0,0.5,0.5,1,1,0,0,0,0.5,0.5,0.5,0.5,1,
ACTIONS,0.5,
ACTIONS,
ACTIONS,0,0,0.5,0,0,0.5,0.5,1,1,1,1,
ACTIONS,0.5,0.5,
ACTIONS,0.5,1,0,0,0,0.5,0.5,0.5,0.5,0.5,0.5,1,0,0.5,0.5,0.5,1,0,0.5,0.5,0.5,0.5,1,1,0,
ACTIONS,0.5,0.5,1,0,0.5,0.5,1,0,0,0.5,0.5,0.5,0.5,0,
ACTIONS,0.5,0.5,


Generation,32
ACTIONS,0,0,0.5,0.5,0.5,0.5,1,1,1,0,0,0.5,0.5,1,1,1,1,1,1,0,0,0,1,1,
ACTIONS,0,0,0,0,0,
ACTIONS,0.5,0.5,0.5,0.5,0.5,0.5,0.5,1,0,0,0.5,0.5,0.5,
ACTIONS,0,0.5,0,0.5,0.5,1,0,0,0.5,
ACTIONS,0.5,
ACTIONS,0,0.5,0,0,
ACTIONS,0,0.5,0,0.5,
ACTIONS,
ACTIONS,0.5,0.5,0.5,0.5,0.5,0.5,1,1,
ACTIONS,0.5,0.5,0.5,0.5,0.5,


Generation,33
ACTIONS,0.5,0.5,0.5,0.5,0.5,0.5,1,0,0,0,0.5,0.5,0.5,1,1,1,0,0.5,0.5,1,1,0,0,0.5,0.5,0.5,0,0.5,0.5,0.5,1,1,1,1,1,0,0,0.5,0.5,0.5,0.5,0.5,0.5,1,0,0.5,0.5,0.5,0.5,0.5,1,1,1,
ACTIONS,0.5,1,
ACTIONS,0.5,0.5,0,0.5,0.5,1,1,1,1,1,0.5,0.5,0.5,1,1,0,0,0.5,0.5,0.5,1,1,1,1,0,0.5,0.5,1,1,1,1,1,0,1,1,1,
ACTIONS,
ACTIONS,0.5,0.5,0.5,0,0.5,0.5,0.5,0,0.5,0.5,1,1,1,0,
ACTIONS,0.5,0.5,1,
ACTIONS,0,0,
ACTIONS,0.5,0.5,1,0,0.5,0.5,0.5,0,
ACTIONS,0.5,
ACTIONS,0,0,0.5,0,


Generation,34
ACTIONS,
ACTIONS,0.5,0.5,0.5,0,0.5,0.5,0.5,0.5,0.5,0,0,0.5,
ACTIONS,0.5,0.5,0.5,0,0.5,0.5,
ACTIONS,
ACTIONS,
ACTIONS,0.5,0.5,
ACTIONS,0.5,0.5,0.5,0,0.5,1,1,0,0.5,0.5,1,1,1,0.5,0.5,1,1,1,0,0,0,0.5,0.5,0.5,1,1,0,0.5,1,1,0,0.5,1,1,1,0,0,0.5,1,1,1,1,0,0,0.5,1,1,0,0.5,0.5,0.5,0.5,0.5,
ACTIONS,0,0,0.5,0,0.5,0.5,0.5,0,0.5,0.5,0.5,0.5,0.5,0.5,1,1,1,1,1,0,0.5,0.5,0.5,0.5,0.5,0.5,0.5,0.5,0,0,0.5,0.5,0.5,
ACTIONS,
ACTIONS,


Generation,35
ACTIONS,
ACTIONS,0.5,0.5,0.5,0.5,0.5,0.5,0.5,
ACTIONS,0,0,0.5,0.5,1,0,0.5,0.5,1,1,1,1,1,0,0,0.5,0.5,1,0,0,0.5,1,
ACTIONS,0,0.5,0.5,0.5,0.5,1,1,1,0,0,0.5,0.5,
ACTIONS,0.5,0.5,0,0,0,0.5,0.5,0,0.5,0.5,0.5,0,0,0.5,0.5,0,0.5,0.5,1,1,0,0.5,0.5,1,1,0,
ACTIONS,0.5,0.5,1,0,0,0,0.5,0,0.5,0.5,
ACTIONS,0.5,
ACTIONS,
ACTIONS,
ACTIONS,0.5,0.5,1,1,0,0,0.5,0.5,


Generation,36
ACTIONS,0.5,1,0,
ACTIONS,0.5,1,1,1,0,0.5,0.5,1,1,1,0,0,0.5,0.5,0.5,1,1,0.5,0.5,0.5,1,1,1,1,0,0,
ACTIONS,0,0.5,0.5,0.5,1,1,0,0.5,0.5,1,0.5,0.5,0.5,
ACTIONS,0.5,0.5,1,0,0,0,0.5,0,0,0.5,0.5,1,
ACTIONS,0,0.5,0.5,0.5,0.5,1,1,1,1,1,1,1,1,
ACTIONS,0,0.5,0.5,0.5,1,0,0,0.5,0.5,0,0,
ACTIONS,0.5,1,1,1,1,0,1,1,1,1,0.5,0.5,1,
ACTIONS,1,1,0,0,0.5,0.5,0.5,0.5,0.5,0.5,0,0.5,0.5,0.5,1,1,1,1,1,0.5,0.5,0.5,1,1,0,0.5,1,1,1,1,1,1,1,0,0,0.5,1,1,1,1,0,0,0,1,1,1,0,0,0.5,0.5,0.5,
ACTIONS,0.5,0.5,1,
ACTIONS,0.5,0.5,0.5,1,1,1,


Generation,37
ACTIONS,0.5,0.5,0.5,
ACTIONS,0.5,0.5,0.5,1,0.5,0.5,0.5,1,1,1,1,1,0,0.5,0.5,1,1,0,0,0.5,0.5,0,0.5,1,1,1,0,1,1,1,0,0.5,0.5,
ACTIONS,0.5,
ACTIONS,
ACTIONS,
ACTIONS,0,0,0.5,0.5,
ACTIONS,1,1,1,0,0.5,0.5,1,1,0,0.5,0.5,0.5,0,0,0,0.5,0,
ACTIONS,0,0,0,0.5,0.5,0.5,0.5,0.5,0.5,1,0,0,0.5,0.5,0.5,0,
ACTIONS,1,1,0.5,0.5,1,0,0.5,0.5,0,0,0.5,0.5,0.5,0.5,0.5,0.5,0,
ACTIONS,0.5,0.5,1,1,0,


Generation,38
ACTIONS,
ACTIONS,0.5,0.5,1,0,0.5,0.5,0.5,0.5,0.5,0.5,1,1,1,1,1,0,0,0.5,0.5,0,0,0.5,0.5,0.5,0.5,0.5,1,0,0,0,0.5,0.5,0.5,0.5,0.5,
ACTIONS,0.5,0.5,0.5,0,0,0.5,0.5,0.5,0.5,0.5,0.5,
ACTIONS,0,0,0,0,0,0,0,0,0,0,
ACTIONS,0.5,0.5,1,0,0.5,1,1,1,0,0,0.5,0.5,0,0,0,0.5,0,0.5,0.5,0.5,0.5,0.5,0.5,1,0,0.5,0.5,1,1,1,1,1,1,1,1,1,1,0,0.5,0.5,0.5,0.5,0.5,1,1,0.5,0.5,1,1,0,0.5,0.5,0.5,0,0,0.5,1,0,0,0,0.5,0,0,0.5,0.5,1,1,1,1,1,1,1,1,1,1,1,1,1,1,1,1,1,1,1,1,1,1,1,1,1,1,0.5,0.5,0.5,0.5,0.5,0.5,1,
ACTIONS,0.5,1,0,0,
ACTIONS,0.5,0.5,1,1,0,1,1,1,1,
ACTIONS,0.5,0.5,1,1,
ACTIONS,
ACTIONS,0,


Generation,39
ACTIONS,0.5,0.5,1,
ACTIONS,0,0.5,1,1,0,0.5,0.5,1,1,1,1,1,1,1,0,1,1,1,1,0,0,0.5,0.5,1,1,1,
ACTIONS,0.5,0.5,
ACTIONS,0.5,1,
ACTIONS,
ACTIONS,0.5,0.5,1,0,0,0.5,0.5,0.5,0.5,0.5,0.5,1,0,0.5,0.5,0.5,0.5,0.5,
ACTIONS,0.5,0.5,0.5,0,
ACTIONS,0.5,0.5,0.5,1,0,0.5,0.5,1,1,0.5,0.5,0.5,
ACTIONS,0.5,
ACTIONS,0,0,0.5,0,0,0.5,0.5,0.5,0,1,1,1,0,0,


Generation,40
ACTIONS,0.5,0.5,0.5,0.5,0.5,1,1,1,1,1,1,1,0.5,0.5,0.5,
ACTIONS,0,
ACTIONS,0.5,0.5,0.5,1,0,
ACTIONS,0.5,0.5,1,1,1,1,
ACTIONS,0.5,1,0,0.5,0.5,1,0,0.5,0.5,1,1,0,0,0.5,0.5,1,0,
ACTIONS,
ACTIONS,
ACTIONS,0.5,
ACTIONS,0.5,0.5,
ACTIONS,


Generation,41
ACTIONS,0,0.5,0.5,0,0,0.5,0.5,1,1,1,
ACTIONS,0.5,1,1,0,0,0.5,1,
ACTIONS,0,0,1,1,0,0.5,0.5,0.5,0,0,0.5,1,1,
ACTIONS,1,
ACTIONS,0.5,0.5,1,0,0.5,0.5,1,
ACTIONS,0,0.5,
ACTIONS,0.5,
ACTIONS,0.5,0.5,1,0,
ACTIONS,0,0.5,0.5,0,0.5,0.5,0.5,0.5,0,0,0.5,0.5,0.5,0.5,0.5,
ACTIONS,


Generation,42
ACTIONS,0.5,
ACTIONS,0.5,0.5,0.5,0.5,0,0.5,0.5,1,1,0,0.5,
ACTIONS,0,0.5,1,0,1,1,
ACTIONS,
ACTIONS,0.5,0.5,0.5,1,1,1,1,
ACTIONS,
ACTIONS,0.5,
ACTIONS,0.5,0.5,0.5,0,0.5,0.5,0.5,0.5,0.5,1,1,1,1,0,0.5,0.5,0.5,1,1,1,1,1,1,0.5,0.5,0.5,0.5,1,0,0.5,0.5,0.5,0,
ACTIONS,0.5,0.5,0.5,
ACTIONS,0,0.5,0.5,1,0,0,0,0.5,0.5,0,0.5,0.5,0.5,1,0,0.5,0.5,0.5,0,0,0,0,0,0,0,0,0.5,0.5,0.5,1,1,


Generation,43
ACTIONS,0.5,0.5,
ACTIONS,
ACTIONS,0,0.5,0.5,0.5,0.5,0.5,0.5,0.5,0.5,1,1,0.5,
ACTIONS,
ACTIONS,0.5,0.5,0,0.5,0.5,0.5,0,0.5,0.5,0.5,1,0,0,
ACTIONS,
ACTIONS,1,1,0,0,0.5,0.5,1,1,1,0,0.5,0.5,1,1,1,0,0,0.5,0.5,1,1,0,0.5,0.5,1,1,
ACTIONS,
ACTIONS,
ACTIONS,0.5,1,1,


Generation,44
ACTIONS,0.5,
ACTIONS,0,0.5,0.5,0,0.5,0.5,0.5,0.5,0,0,0,0,0.5,0.5,0.5,1,0,0.5,
ACTIONS,0.5,1,0,0.5,0.5,1,0,0,0.5,0.5,1,0,0,0.5,0.5,0.5,0.5,1,1,0,
ACTIONS,0.5,0.5,1,
ACTIONS,0.5,
ACTIONS,0,0.5,0,0,0.5,
ACTIONS,
ACTIONS,0.5,0.5,1,1,1,1,0,0.5,0.5,0.5,0.5,0.5,1,0,0,0.5,0.5,1,1,1,1,1,1,0,0,0.5,0.5,0,0.5,0.5,1,0,0,0.5,0.5,0,0.5,0.5,1,0,0.5,0.5,1,1,1,0,0.5,0.5,0.5,1,0,
ACTIONS,1,1,0,0,0.5,0.5,0.5,1,1,1,0,0.5,0.5,1,1,1,0,0,0.5,0.5,
ACTIONS,0.5,0.5,0,0,0,0.5,0.5,0.5,1,0,0,0,0,0.5,0.5,1,1,0,0,


Generation,45
ACTIONS,0.5,0.5,0.5,0.5,0.5,0.5,1,0,0,0.5,0.5,0,0.5,
ACTIONS,0.5,0.5,0,0,0.5,0.5,0.5,1,0,0,0.5,0.5,1,1,
ACTIONS,0,0.5,0.5,0,0,0.5,0.5,0.5,0.5,0,0,0.5,0.5,0.5,0,0.5,1,1,1,0.5,
ACTIONS,0.5,0.5,0.5,1,
ACTIONS,0.5,1,1,1,1,1,1,1,0,0.5,0.5,0.5,
ACTIONS,0.5,1,1,1,1,1,
ACTIONS,0.5,0.5,0.5,0.5,0.5,0.5,1,1,0,
ACTIONS,0,0.5,0.5,
ACTIONS,0.5,
ACTIONS,0.5,1,0,0,0.5,0.5,0,0.5,


Generation,46
ACTIONS,1,1,1,0,0.5,
ACTIONS,0.5,0.5,0.5,0.5,0.5,0.5,1,1,0,0.5,0.5,0.5,0.5,0.5,0.5,0,0.5,1,0,0,0.5,0.5,0,0.5,0.5,0.5,0.5,0,0.5,1,
ACTIONS,0,0.5,0.5,0.5,0.5,0.5,1,1,0,0.5,1,1,1,1,1,1,1,1,1,0,0,0.5,0.5,0,1,1,1,0,0.5,0.5,0.5,1,0,0,0.5,0.5,
ACTIONS,
ACTIONS,
ACTIONS,0,0.5,0,0,0.5,0.5,0.5,0.5,1,1,
ACTIONS,0.5,0.5,1,1,1,0,0,0,
ACTIONS,0.5,0.5,0.5,1,1,1,1,1,0.5,0.5,0.5,0.5,
ACTIONS,
ACTIONS,0.5,0.5,1,1,0,0,0.5,0.5,0.5,0,0.5,0.5,0.5,0,0,0.5,0.5,1,1,0,0,


Generation,47
ACTIONS,0.5,1,0,0.5,0.5,1,0,0.5,1,1,0.5,0.5,1,1,0,0,0.5,1,0,0,0,0.5,0.5,0,0.5,0.5,1,0,0.5,0.5,0.5,1,0,0.5,1,1,0.5,0.5,1,1,0.5,0.5,0.5,1,0,0,0.5,0.5,0,0,0.5,0.5,0,0.5,0.5,1,1,1,1,1,1,1,1,1,1,1,1,1,0,0,0,0.5,0,0,0,0.5,0.5,
ACTIONS,1,1,1,0.5,0.5,1,1,1,1,0,0,0,0.5,0.5,0.5,1,0,0,0,0.5,0.5,1,1,0,0,0.5,0.5,0.5,0,0,0,0,0,0,0.5,0.5,0.5,1,1,1,1,1,1,1,
ACTIONS,
ACTIONS,
ACTIONS,1,1,0,0.5,0.5,1,
ACTIONS,0,0.5,0.5,1,0,0.5,0.5,0.5,
ACTIONS,
ACTIONS,0.5,0.5,1,0,0.5,0.5,1,1,
ACTIONS,
ACTIONS,1,1,0,0,0,0.5,0,0,0,0.5,0.5,1,1,0,0.5,0.5,0.5,1,1,0.5,0.5,0.5,1,0,0,0,0.5,0,0.5,0.5,


Generation,48
ACTIONS,0,
ACTIONS,1,1,1,0.5,0.5,
ACTIONS,0.5,0.5,
ACTIONS,0.5,0.5,0.5,1,1,1,1,0,1,1,1,1,0,0.5,0.5,0.5,0.5,0.5,0,
ACTIONS,0.5,0.5,1,0,0,0.5,0.5,0.5,0.5,0.5,1,0,0.5,0.5,
ACTIONS,0.5,0.5,0.5,0.5,0.5,
ACTIONS,
ACTIONS,0,0.5,0.5,0.5,1,0,0,0.5,0.5,0,0,0,0.5,0,0,0.5,0.5,0,0.5,0.5,1,0,0,0,0,0,0,0,0,0.5,0.5,0.5,0.5,1,0,0.5,0.5,0.5,0.5,0,0.5,
ACTIONS,
ACTIONS,0.5,0.5,0,0.5,0.5,0.5,1,0,0.5,0.5,0.5,0.5,0.5,0.5,


Generation,49
ACTIONS,0.5,0.5,0.5,1,0,0,0.5,0.5,0,0.5,0.5,0.5,0,
ACTIONS,0,0.5,
ACTIONS,
ACTIONS,0,0,0.5,0.5,
ACTIONS,0,0,0.5,0.5,0.5,0.5,0.5,0.5,0.5,1,1,1,1,1,1,1,0,0,0,0,0.5,
ACTIONS,0,0.5,0.5,0.5,0.5,0.5,0.5,
ACTIONS,0.5,0.5,0.5,0.5,0.5,1,0,0,0.5,0.5,0,0.5,0.5,0.5,1,1,1,1,1,1,1,1,
ACTIONS,0.5,1,1,0,
ACTIONS,0.5,1,0,0.5,0.5,1,1,1,0,0.5,
ACTIONS,0.5,0.5,0.5,0,0,0.5,


Generation,50
ACTIONS,0,0.5,0.5,0.5,0.5,0.5,1,0,0,0.5,0.5,1,1,1,1,0,0,0,0.5,0.5,1,1,1,1,1,0,0,1,1,0,0,0,0.5,1,1,0,
ACTIONS,
ACTIONS,0.5,0.5,1,1,1,1,1,
ACTIONS,0.5,
ACTIONS,0.5,0.5,0.5,0.5,0.5,1,1,1,0,0.5,0.5,1,0,0.5,0.5,0.5,1,0,0.5,0.5,1,0,0,
ACTIONS,
ACTIONS,0.5,
ACTIONS,0,0,
ACTIONS,0.5,0.5,
ACTIONS,0,0,0.5,0,0,0.5,1,0,0,


Generation,51
ACTIONS,0.5,0.5,0.5,0.5,0.5,1,0.5,0.5,0.5,0.5,0,0.5,0.5,0.5,0,1,1,1,0,0.5,0.5,1,
ACTIONS,0.5,0.5,1,0,0,0,0.5,0,
ACTIONS,1,1,1,1,1,1,
ACTIONS,
ACTIONS,0,0.5,0,0,0.5,1,0,0.5,0.5,1,0,0,0.5,0.5,1,0,0,0.5,0.5,1,1,1,1,1,
ACTIONS,0.5,1,0,0.5,0.5,0.5,1,1,1,0,0,0.5,
ACTIONS,0.5,0.5,1,1,0,0,0,0.5,0.5,0,0.5,0.5,0.5,0.5,1,1,1,1,0,0,0.5,0,0.5,0.5,0.5,0.5,0.5,0.5,0.5,0.5,1,1,0,0,0.5,0.5,1,1,0.5,1,0,0,0.5,0.5,0.5,
ACTIONS,0,0.5,0,0,0,0,0.5,0,0.5,0.5,1,0,0.5,0.5,1,0.5,0.5,1,1,0.5,0.5,1,1,0,0,0.5,0.5,0.5,1,1,1,0,0.5,0.5,0.5,0.5,0.5,0.5,1,0,
ACTIONS,0.5,0.5,0.5,
ACTIONS,0.5,0.5,0.5,0.5,0.5,0.5,


Generation,52
ACTIONS,0.5,0.5,0.5,0.5,1,1,0,0,0.5,0,0,0,0.5,0.5,1,1,1,
ACTIONS,0,0.5,0.5,0,0.5,
ACTIONS,0.5,0.5,0.5,
ACTIONS,0.5,0.5,1,1,0.5,0.5,0,0,0.5,0.5,
ACTIONS,
ACTIONS,
ACTIONS,0.5,1,1,0,1,1,1,0,1,1,1,0,1,1,1,0.5,0.5,0.5,1,0.5,0.5,0.5,1,1,0.5,0.5,1,0.5,0.5,1,1,1,0.5,0.5,0.5,1,0,0.5,1,1,1,0,1,1,1,0,0,0.5,1,0,0.5,0.5,1,
ACTIONS,0.5,
ACTIONS,0.5,
ACTIONS,0.5,0.5,0.5,1,


Generation,53
ACTIONS,0,0.5,0.5,0,0.5,
ACTIONS,0.5,0.5,0.5,0,0,0.5,0.5,1,0,0,0,0.5,0.5,0.5,0.5,1,1,0,0,0.5,
ACTIONS,0.5,0.5,1,1,0,0,1,1,1,
ACTIONS,
ACTIONS,
ACTIONS,1,1,0,0,0.5,0.5,0.5,0.5,0.5,1,0.5,0.5,0.5,0.5,0,0.5,
ACTIONS,0,0.5,0.5,0,0.5,0.5,0.5,1,1,1,
ACTIONS,
ACTIONS,0.5,0.5,1,1,0.5,0.5,0.5,1,1,0,0,0.5,0.5,1,0,0,0.5,1,0,0,0.5,0.5,0,0,0.5,0.5,0,0.5,1,1,0.5,0.5,1,1,1,1,1,1,1,1,1,1,1,0,
ACTIONS,0.5,1,1,0,0,0.5,1,0,0,


Generation,54
ACTIONS,0.5,0.5,1,0,0,0,0.5,0.5,0.5,0,0,0,0,0.5,0.5,0.5,1,1,1,1,1,0.5,0.5,0.5,0.5,1,1,1,1,0,0,0,0.5,0.5,0.5,
ACTIONS,0.5,0.5,0.5,1,
ACTIONS,0.5,0.5,0.5,0,0,
ACTIONS,0.5,1,0,0.5,0.5,0.5,
ACTIONS,1,0.5,0.5,0.5,1,0,0.5,0.5,
ACTIONS,0.5,0.5,
ACTIONS,0,0.5,1,1,1,1,1,1,1,
ACTIONS,
ACTIONS,0.5,0.5,0.5,0.5,1,1,
ACTIONS,1,1,1,0,0,


Generation,55
ACTIONS,0.5,0,0.5,0,0,0.5,
ACTIONS,
ACTIONS,0.5,0.5,1,0,
ACTIONS,
ACTIONS,0.5,
ACTIONS,0.5,0.5,1,1,1,0,0.5,1,0,0,0.5,0.5,0,0.5,0.5,1,1,1,1,1,1,
ACTIONS,1,1,1,0,0,0,0,0.5,0.5,1,1,1,0,0,0.5,0,0,1,1,0,0.5,
ACTIONS,0.5,0.5,0.5,0,0,
ACTIONS,0.5,1,1,1,
ACTIONS,


Generation,56
ACTIONS,0.5,0.5,0.5,0,0.5,0.5,1,0,0,0.5,0.5,0,0.5,0.5,0.5,1,1,1,1,1,1,1,1,0,0,0.5,0.5,0.5,1,1,1,0,0.5,0.5,1,1,1,1,0,0,0.5,0.5,1,0,0.5,0.5,1,1,1,1,1,1,1,1,0.5,0.5,0.5,1,1,1,0.5,0.5,
ACTIONS,0,0,0.5,0,0,0.5,0.5,
ACTIONS,0,0.5,0.5,0.5,1,1,0,0,0.5,0.5,0.5,0,0,0.5,0.5,0,0.5,
ACTIONS,0.5,0.5,0.5,0.5,0.5,1,0.5,0.5,1,
ACTIONS,
ACTIONS,0.5,0.5,0,0,0.5,0.5,0,
ACTIONS,0.5,
ACTIONS,0.5,1,0,0,0,0.5,
ACTIONS,0.5,0.5,0.5,1,1,1,
ACTIONS,0,0.5,0.5,1,1,0,0,0.5,0.5,1,1,


Generation,57
ACTIONS,0.5,0.5,0.5,0.5,0.5,
ACTIONS,0,0.5,0,0,0.5,
ACTIONS,
ACTIONS,0.5,0.5,0,0.5,0.5,0.5,1,1,1,1,1,0.5,0.5,0.5,1,1,1,
ACTIONS,0.5,0.5,1,1,1,0,0,0.5,0,0,0,0.5,1,1,
ACTIONS,
ACTIONS,0,0,0.5,0,0,0.5,0.5,1,
ACTIONS,0.5,0.5,0.5,1,
ACTIONS,
ACTIONS,0,0,0.5,0.5,1,1,1,0,0.5,1,


Generation,58
ACTIONS,
ACTIONS,0.5,0.5,0.5,1,1,1,1,1,0,0.5,1,1,0,0.5,0.5,1,1,1,1,1,1,0,0.5,0.5,1,1,1,1,0,0.5,0.5,1,1,1,1,1,0,0,0.5,0.5,1,0,0,0.5,0.5,1,1,0,0.5,1,1,1,1,1,0.5,0.5,0.5,1,1,1,0,0,
ACTIONS,0.5,0.5,0.5,0,0.5,0.5,1,
ACTIONS,0.5,1,1,1,0.5,0.5,0.5,0.5,0,0,0.5,1,
ACTIONS,0.5,0.5,0.5,1,0,0.5,
ACTIONS,0.5,0.5,
ACTIONS,0.5,0.5,0.5,1,0,0,0.5,0.5,1,1,1,0,0,0.5,
ACTIONS,0.5,1,1,0.5,0.5,0.5,1,0,0.5,0.5,1,
ACTIONS,0,0,0.5,0.5,0.5,0.5,
ACTIONS,0.5,0.5,0.5,0.5,0.5,0.5,0.5,1,


Generation,59
ACTIONS,0.5,0.5,1,
ACTIONS,0.5,0.5,0.5,0,0,0.5,0.5,0.5,0.5,1,0,0,0.5,0.5,
ACTIONS,0.5,1,0,0.5,1,
ACTIONS,0,1,1,1,0,0.5,0.5,0.5,0.5,0.5,1,1,1,1,1,1,1,
ACTIONS,0.5,0.5,0.5,0.5,0.5,0.5,1,1,0,0.5,0.5,1,0,0,0.5,0.5,0,0.5,0.5,0.5,1,1,1,0.5,0.5,1,
ACTIONS,
ACTIONS,0.5,0.5,0.5,0.5,1,1,0,0.5,
ACTIONS,0.5,0.5,0,0,0.5,0.5,0,0.5,0.5,1,0,0,0,0.5,0,0,0.5,
ACTIONS,0,1,0,0,0.5,0.5,1,1,1,1,1,0.5,0.5,0.5,1,1,
ACTIONS,0,0,0,0,0,0,0,0,0,0,0,0,0,


Generation,60
ACTIONS,
ACTIONS,
ACTIONS,0,0.5,0.5,0.5,1,0,
ACTIONS,0.5,1,0,0.5,0.5,1,1,1,1,1,
ACTIONS,0.5,0.5,1,0,0,
ACTIONS,0.5,0.5,0,0,0.5,0.5,0.5,0,0,0.5,0.5,0,0.5,0.5,0.5,1,0.5,0.5,0.5,0.5,1,1,1,1,1,
ACTIONS,0.5,0.5,0.5,0.5,
ACTIONS,
ACTIONS,
ACTIONS,0,0,0,0,0,0,0,0.5,0.5,0.5,1,0,0,0.5,0.5,0,0.5,0.5,0.5,0.5,


Generation,61
ACTIONS,1,1,0,0.5,0.5,1,1,1,0,0.5,0.5,0.5,0.5,0,
ACTIONS,0.5,0.5,0,0,0,0,0.5,0.5,0.5,0.5,0.5,0.5,1,1,0,0.5,0.5,1,0,
ACTIONS,
ACTIONS,0.5,0.5,1,1,0,0.5,
ACTIONS,
ACTIONS,0.5,0.5,0.5,1,0,0.5,0.5,1,1,1,1,1,0.5,0.5,1,0,0,0.5,0.5,0.5,1,1,0,0.5,
ACTIONS,
ACTIONS,0.5,0.5,1,1,1,0,0.5,0.5,0.5,1,1,1,1,0.5,0.5,0.5,0.5,0.5,0.5,1,1,1,1,1,0,0,0.5,0.5,0,0.5,
ACTIONS,1,1,1,0,0,0.5,0.5,0.5,0.5,0.5,1,0,0,0.5,0.5,0.5,0.5,0.5,1,1,
ACTIONS,0.5,1,0,0,0.5,0.5,


Generation,62
ACTIONS,0,0.5,
ACTIONS,1,1,1,1,1,0.5,0.5,0.5,
ACTIONS,0.5,0.5,0.5,0.5,0.5,0.5,1,0,0,0.5,0.5,
ACTIONS,0.5,
ACTIONS,0,0,0.5,0,0.5,0.5,0.5,0,0,0.5,0.5,0,0.5,0.5,1,0,0,0.5,
ACTIONS,
ACTIONS,1,1,1,1,1,0,0.5,1,1,1,0,0,0,0.5,0.5,0.5,0,0,0.5,1,1,1,1,0.5,0.5,0.5,0.5,1,1,0,0.5,0.5,0.5,0.5,0.5,0.5,1,0,0,0.5,0.5,1,1,1,1,1,1,1,1,1,
ACTIONS,0.5,0.5,0.5,0.5,1,0,
ACTIONS,0.5,1,0,0.5,1,
ACTIONS,


Generation,63
ACTIONS,0.5,0.5,0,0.5,0.5,1,0.5,0.5,0.5,1,1,1,1,1,1,
ACTIONS,
ACTIONS,
ACTIONS,
ACTIONS,0.5,0.5,0.5,1,0.5,0.5,0.5,0.5,1,0,0.5,0.5,0.5,0,
ACTIONS,0.5,0.5,1,0.5,0.5,0.5,1,0,0.5,0.5,1,1,0,0.5,0.5,0.5,1,0,0,0,0.5,0.5,0.5,0.5,0.5,1,
ACTIONS,0,0.5,0.5,0,0.5,0.5,
ACTIONS,
ACTIONS,0.5,0.5,1,0,0,0.5,0.5,0.5,0,0,0.5,0.5,0,0.5,0.5,1,0,0.5,0.5,1,1,1,0,0,0.5,0.5,1,1,
ACTIONS,0.5,0.5,1,0,0,0,0,0,0.5,0.5,0.5,0,


Generation,64
ACTIONS,0,0.5,0,0.5,0.5,0.5,0,0,0.5,0.5,0.5,0.5,0.5,1,0,
ACTIONS,0,0,0.5,0,0.5,0.5,1,0,0,0.5,0.5,0.5,0.5,1,1,0,
ACTIONS,
ACTIONS,0.5,1,
ACTIONS,
ACTIONS,
ACTIONS,0.5,0.5,
ACTIONS,
ACTIONS,1,1,1,0,0,0,
ACTIONS,0.5,0.5,


Generation,65
ACTIONS,0.5,0.5,0.5,0.5,0.5,
ACTIONS,0.5,
ACTIONS,0.5,1,0,0,0,0.5,0,0,0.5,0.5,0.5,0.5,1,
ACTIONS,0,0,0.5,0,0,0.5,0.5,0.5,1,1,0,0.5,1,1,0,
ACTIONS,
ACTIONS,0.5,
ACTIONS,0.5,0.5,0.5,0.5,0.5,0.5,0.5,0.5,1,0,0,0.5,0.5,1,0,0.5,
ACTIONS,0,0,0,0,0.5,0.5,0,0,0.5,0.5,0.5,1,0.5,0.5,1,1,1,1,0,0,0.5,0.5,0.5,0.5,1,1,1,1,1,0,0,0.5,0.5,1,1,1,1,1,0,0,0,0.5,0.5,1,
ACTIONS,
ACTIONS,


Generation,66
ACTIONS,0.5,0.5,0.5,1,0,0,0,0.5,0.5,0.5,0,0,
ACTIONS,0.5,0.5,0.5,0,0.5,0.5,0.5,0.5,0.5,0.5,0.5,1,1,1,0,0.5,0.5,0.5,0.5,1,1,0,0.5,0.5,1,0,0.5,0.5,1,0,0,
ACTIONS,
ACTIONS,
ACTIONS,0.5,1,0,0.5,0.5,1,0.5,0.5,1,1,
ACTIONS,0.5,0.5,0.5,1,0,0,
ACTIONS,0.5,0.5,0.5,1,1,1,0,
ACTIONS,0.5,0.5,0.5,
ACTIONS,0.5,0.5,0.5,0.5,0.5,0.5,1,1,0,0.5,0.5,1,0.5,0.5,1,1,0.5,0.5,1,1,0.5,0.5,0.5,1,1,1,0,0.5,0.5,1,0,0,0.5,
ACTIONS,


Generation,67
ACTIONS,0.5,0.5,0.5,0.5,0.5,0.5,0.5,1,0,0,0.5,0.5,0.5,0.5,0.5,1,0,0,0.5,0.5,0,
ACTIONS,0.5,0.5,
ACTIONS,
ACTIONS,0,0,0,0.5,0,0,0.5,0.5,0,0.5,0.5,0.5,0.5,0.5,0.5,0.5,0.5,0.5,0.5,0.5,0.5,
ACTIONS,0.5,0.5,0,0,0,0.5,0,0.5,0.5,0.5,0.5,0.5,1,
ACTIONS,1,1,0,0.5,0.5,1,1,
ACTIONS,0.5,0.5,0.5,0.5,0.5,0.5,
ACTIONS,0.5,1,0.5,0.5,0.5,
ACTIONS,0.5,1,0,0,0,0.5,0.5,0.5,0.5,0,0.5,0.5,0.5,0.5,0,0.5,0.5,0.5,0.5,0.5,0.5,0.5,1,1,1,1,0,0.5,0.5,
ACTIONS,0.5,0.5,0.5,0.5,0.5,1,1,1,0,0,0,0,


Generation,68
ACTIONS,
ACTIONS,0,0.5,0.5,0,0.5,0.5,1,0,0,0.5,0.5,
ACTIONS,0.5,1,1,0,0.5,0.5,0.5,1,1,
ACTIONS,0.5,0.5,0.5,0.5,0.5,0.5,0.5,0.5,0.5,1,0,0,0.5,0.5,0,0,0.5,1,0,0,0.5,0.5,0.5,0,0.5,0.5,0.5,1,1,1,1,1,1,1,1,1,1,1,1,1,0,
ACTIONS,0,0.5,0.5,0,0.5,1,
ACTIONS,0,0,0.5,0,0,0.5,0.5,0.5,0.5,1,1,0,0.5,0.5,1,1,1,1,
ACTIONS,0.5,
ACTIONS,0.5,0.5,1,1,0.5,0.5,0.5,0.5,1,0,0,0.5,0.5,0,0.5,0.5,1,1,
ACTIONS,0.5,0.5,0.5,0.5,1,1,
ACTIONS,0.5,0.5,0.5,


Generation,69
ACTIONS,0.5,0.5,1,
ACTIONS,0.5,
ACTIONS,0.5,0.5,
ACTIONS,0.5,0.5,0,0,0.5,0.5,0.5,1,1,1,0,0.5,0.5,0.5,0,0,0,0,0.5,0,0,
ACTIONS,0,0.5,0.5,0,0.5,0.5,1,
ACTIONS,0.5,1,0,
ACTIONS,0,0.5,0.5,1,1,0,0.5,0.5,0.5,0.5,0,0.5,0.5,0.5,0.5,0.5,0.5,1,1,1,1,1,1,1,1,1,0,0,0,0.5,0.5,0,0.5,0.5,0.5,1,1,0,0,0.5,0.5,0.5,1,1,1,1,1,1,0,0,0.5,0.5,0.5,1,1,
ACTIONS,
ACTIONS,0.5,0.5,0.5,0,0,0.5,0.5,0,0,0.5,0.5,0.5,0.5,0.5,0.5,0.5,1,0,0,0.5,1,0,0,0,0,0,0,0.5,0.5,1,0,0.5,0.5,1,0,0.5,0.5,0.5,0.5,0,0,0.5,0.5,1,0,0,0.5,0.5,1,1,1,0.5,0.5,0.5,1,1,1,1,1,1,1,1,1,
ACTIONS,0.5,0.5,0.5,0.5,0.5,0.5,1,


Generation,70
ACTIONS,0,0,0.5,0,0.5,0.5,0.5,0.5,0,0.5,1,1,1,1,1,1,1,1,1,0,0.5,0.5,0.5,0.5,0.5,0.5,1,0,0,0.5,0.5,0.5,0.5,1,
ACTIONS,0,0.5,0.5,0,0,0.5,0.5,0.5,0.5,0.5,0.5,0.5,0.5,0.5,0.5,1,0,0,0.5,0.5,0,0,0.5,0.5,0.5,0.5,1,1,0,0.5,0.5,0.5,0,0.5,0.5,1,0,0.5,0.5,0.5,0,0,0.5,0.5,0.5,0.5,0.5,1,0,0.5,
ACTIONS,
ACTIONS,0.5,0.5,0.5,0.5,0.5,1,1,
ACTIONS,0.5,0.5,0.5,0.5,0.5,0.5,1,0,0.5,0.5,1,1,0,0.5,0.5,0.5,0,0,0.5,0.5,0,0.5,0.5,0.5,0.5,0.5,0.5,1,1,0,0.5,0.5,1,0,
ACTIONS,0.5,0.5,0,0,0.5,0.5,0.5,1,1,1,1,1,1,0,1,
ACTIONS,0.5,0.5,0,0.5,0.5,0.5,0.5,0.5,0.5,0.5,0.5,0.5,1,0.5,
ACTIONS,0.5,0.5,0.5,0,0,0.5,0.5,0,0.5,0.5,1,0,0.5,0.5,1,0,0,0.5,0.5,0.5,0.5,0.5,0.5,
ACTIONS,0.5,
ACTIONS,1,1,1,0.5,0.5,0.5,0.5,1,0,0,0,


Generation,71
ACTIONS,0,0,0.5,0,0,0.5,0.5,0.5,0.5,0.5,0.5,0.5,0.5,0.5,1,1,0,0,0.5,1,0,0.5,0.5,0.5,1,0,0,0.5,0.5,0,0.5,0.5,0.5,0.5,0.5,1,1,0,0.5,0.5,0.5,0,0.5,0.5,1,1,1,1,0,0,0,0.5,0,0.5,0.5,1,0,0.5,0.5,1,1,1,1,1,0,0,0.5,0.5,
ACTIONS,0.5,0.5,0.5,0.5,0.5,1,0,0,0.5,0.5,0.5,0.5,1,1,1,1,0.5,0.5,0.5,1,0,
ACTIONS,
ACTIONS,0.5,0.5,0.5,0.5,0.5,0.5,0.5,0,
ACTIONS,0.5,1,1,0,0,0.5,0.5,0.5,1,1,0,0.5,0.5,
ACTIONS,0,0,0.5,0.5,0.5,0,0,0.5,0,0,0.5,0.5,0.5,1,1,
ACTIONS,0.5,1,1,1,0,
ACTIONS,0.5,1,0,0.5,0.5,0.5,1,
ACTIONS,0.5,
ACTIONS,0,0,0,0,


Generation,72
ACTIONS,0.5,0.5,1,0,0.5,0.5,0.5,
ACTIONS,0.5,1,1,1,1,1,0.5,0.5,0.5,1,1,1,1,0,0.5,
ACTIONS,
ACTIONS,
ACTIONS,0,
ACTIONS,
ACTIONS,0.5,
ACTIONS,
ACTIONS,0,0.5,0.5,0,0.5,0.5,1,1,1,1,0,0.5,1,1,1,1,1,0,0.5,0.5,1,1,0,0,0.5,0.5,0,0.5,0.5,0.5,0,
ACTIONS,


Generation,73
ACTIONS,0,0,0.5,0.5,0.5,0.5,1,1,0,0,0.5,0.5,0,0,0.5,0.5,0,0.5,0.5,0.5,0,0.5,0.5,1,1,1,1,1,1,1,1,1,
ACTIONS,0.5,0.5,
ACTIONS,0.5,0.5,0.5,0.5,0.5,1,0,0,0,0.5,0.5,1,1,1,1,1,1,
ACTIONS,0.5,0.5,0.5,
ACTIONS,
ACTIONS,0.5,0.5,1,0,0.5,0.5,0.5,1,1,0,0,0,0.5,0.5,0.5,0.5,1,1,0,0,0.5,0.5,0,0.5,0.5,0.5,0.5,1,1,1,0.5,0.5,1,1,1,1,0,0.5,0.5,0.5,1,1,1,1,1,1,1,1,1,1,1,1,1,0.5,0.5,1,1,1,1,1,0,
ACTIONS,
ACTIONS,
ACTIONS,0.5,0.5,1,1,
ACTIONS,1,1,0,0.5,0.5,0.5,1,


Generation,74
ACTIONS,0.5,0.5,1,0,0.5,0.5,0.5,0.5,0,0,0.5,0.5,0.5,
ACTIONS,
ACTIONS,
ACTIONS,
ACTIONS,0,0.5,0.5,0.5,1,0.5,0.5,0.5,1,1,0,0.5,0.5,1,1,0.5,0.5,1,1,1,1,1,0,0.5,0.5,0.5,0,0.5,0.5,0.5,1,1,
ACTIONS,
ACTIONS,0.5,0.5,0,0,0.5,0.5,0,0.5,0.5,1,1,1,0,0,0,0,0.5,0.5,
ACTIONS,0,0,0,0,0,0,0,0,0,0,0,0,0,0,0,0,0,0,0,0,0,0,0,0,0,0,0,0,0,0,0,0,0,0,0,0,
ACTIONS,0.5,1,0,0,0.5,0.5,
ACTIONS,0,0.5,0.5,0,0,0.5,0.5,0.5,


Generation,75
ACTIONS,
ACTIONS,
ACTIONS,0.5,0.5,0.5,0,0.5,1,1,0,0,1,1,1,0.5,0.5,
ACTIONS,0.5,0.5,1,1,1,1,1,
ACTIONS,1,1,1,1,1,0,0,0.5,0.5,0,0,0,0.5,0.5,0.5,0,0.5,0.5,0.5,1,0,0,0,0.5,0.5,0.5,1,1,0,0,0.5,0.5,0,0.5,0.5,1,0,0,0,0.5,0,0.5,
ACTIONS,0,0,0.5,0,0.5,0.5,0.5,1,0,0.5,0.5,0.5,0.5,0.5,0.5,0.5,1,1,1,1,1,0,0,0.5,0.5,0.5,1,1,1,1,1,1,1,0.5,0.5,1,
ACTIONS,0.5,0.5,
ACTIONS,0,0,0.5,0.5,1,1,0,
ACTIONS,1,1,1,1,1,1,0.5,0.5,0.5,1,1,1,0,0,
ACTIONS,0.5,0.5,1,1,1,1,0.5,0.5,0.5,1,0,0.5,0.5,0.5,0.5,0,0.5,0.5,


Generation,76
ACTIONS,0,0.5,0,0.5,0.5,1,0,0.5,0.5,1,1,1,1,0,0,0.5,
ACTIONS,1,1,1,0,0,
ACTIONS,0.5,0.5,0.5,0,0.5,0.5,0.5,0,0,0.5,
ACTIONS,
ACTIONS,
ACTIONS,
ACTIONS,0.5,0.5,0.5,0.5,0,0,0.5,0.5,0,0.5,0.5,0.5,1,1,1,
ACTIONS,
ACTIONS,0.5,0.5,0.5,0.5,0.5,0.5,1,0,0.5,0.5,1,1,0,0.5,
ACTIONS,


Generation,77
ACTIONS,0.5,0.5,0.5,0.5,1,1,0,0.5,0.5,1,0,0.5,0.5,1,0,0,0.5,0.5,0.5,0.5,0.5,1,
ACTIONS,
ACTIONS,
ACTIONS,0.5,0.5,0.5,0,0,0.5,0.5,0.5,0.5,1,
ACTIONS,0,0.5,0.5,0.5,
ACTIONS,0.5,0.5,0.5,0.5,0.5,1,0,0,0.5,
ACTIONS,0,
ACTIONS,0,0,0,0,0,0,0,0,0,0,0,0,0,0,0,0,0,0,
ACTIONS,0.5,0.5,0.5,1,1,
ACTIONS,0.5,1,1,0,0,0.5,0.5,0,0,0.5,0.5,0.5,0.5,0.5,1,0,0.5,0.5,0.5,0,0.5,0.5,0.5,0.5,0.5,0.5,0.5,1,0.5,0.5,0.5,0.5,0,0.5,0.5,


Generation,78
ACTIONS,0.5,0.5,0,0,0.5,1,0,0,0,0.5,0.5,0,0,0.5,0.5,0.5,0,0,0,0.5,0.5,0,0,0,0.5,0.5,0.5,0.5,0,0,0.5,0.5,0.5,0.5,0,0.5,0.5,0.5,0.5,0.5,0.5,0.5,0,0.5,
ACTIONS,
ACTIONS,0.5,0.5,0.5,0.5,0.5,1,1,0,0.5,0.5,0.5,0,0.5,0.5,0.5,0.5,0,0,0.5,1,0,0.5,
ACTIONS,
ACTIONS,
ACTIONS,0.5,1,1,0,0,0.5,0.5,0,0.5,0.5,1,1,0,0.5,0.5,1,0,0.5,0.5,0.5,0.5,0.5,0.5,0.5,0,0.5,1,1,0,0,0.5,0.5,0,0.5,0.5,0.5,0.5,0.5,0.5,1,0,0,0,0.5,0.5,0,
ACTIONS,0.5,0.5,0.5,0.5,0.5,
ACTIONS,
ACTIONS,
ACTIONS,0,0.5,0.5,0.5,0.5,1,0,0,0.5,0.5,0.5,0.5,1,1,


Generation,79
ACTIONS,1,1,1,1,1,0.5,0.5,0.5,0.5,1,1,0,0,0,0.5,0.5,1,
ACTIONS,0,0,0,0,0,0,0,0,0,0,0,0,0,0,0,0,0,0,0,0,0,0,0,0,0,0,0,
ACTIONS,0.5,1,0,0,0.5,
ACTIONS,0,0.5,0.5,0.5,0.5,0.5,0.5,0.5,
ACTIONS,0.5,0.5,0.5,0,0.5,1,1,1,0,1,1,0,0.5,0.5,1,
ACTIONS,0.5,0.5,0.5,0.5,0.5,0.5,0.5,0.5,0.5,1,0,
ACTIONS,0,1,0,0,0.5,1,1,0,0,0.5,0.5,0,0.5,0.5,0.5,0,0.5,
ACTIONS,0.5,0.5,1,0,0.5,0.5,
ACTIONS,0.5,0.5,0.5,0,0,0,0.5,0.5,0,0.5,0.5,0.5,0.5,0.5,0.5,0.5,0.5,1,
ACTIONS,


Generation,80
ACTIONS,0.5,0.5,1,0,0,0,0.5,0,0.5,0.5,1,0,0,0,0,0.5,0.5,0.5,1,1,0,0.5,0.5,0.5,0,0.5,0.5,0.5,1,0,0,0.5,
ACTIONS,0.5,0.5,0,0.5,0.5,1,0,0,0.5,0.5,0,0.5,0.5,0.5,0,0.5,0.5,0.5,0,0,0.5,1,
ACTIONS,0.5,1,0.5,0.5,0.5,1,1,0,0.5,0.5,1,0,0,0.5,0.5,0.5,0.5,0,0.5,0.5,1,1,1,1,0,0,0.5,0.5,0,0.5,0.5,
ACTIONS,0.5,0.5,1,1,1,1,0,0,0.5,0.5,0,0.5,
ACTIONS,0.5,0.5,1,0,0,0.5,0.5,0.5,0.5,0.5,0.5,0,0.5,0.5,0.5,0.5,0.5,0.5,0.5,1,0.5,0.5,0.5,1,0,0.5,0.5,1,0,0,
ACTIONS,0.5,0.5,
ACTIONS,0.5,0.5,1,0,0.5,0.5,0.5,1,1,1,0.5,
ACTIONS,0.5,0.5,0.5,1,1,1,
ACTIONS,
ACTIONS,0.5,0.5,0.5,0.5,0.5,0.5,1,0,0.5,0.5,0.5,0,0,0.5,0.5,0.5,1,1,0,0.5,1,1,


Generation,81
ACTIONS,
ACTIONS,1,0,0,0,0,0.5,0.5,0.5,0.5,
ACTIONS,0.5,0.5,
ACTIONS,0.5,
ACTIONS,
ACTIONS,
ACTIONS,0,0.5,0.5,0.5,1,0,0.5,0.5,
ACTIONS,0,0,
ACTIONS,0.5,0.5,0.5,
ACTIONS,0.5,0.5,1,0,0,0.5,0.5,0,0,0.5,0.5,0,0.5,0.5,0.5,0.5,0.5,0.5,1,0,


Generation,82
ACTIONS,
ACTIONS,0.5,0.5,0.5,0.5,0.5,0.5,0.5,0.5,1,1,1,1,1,1,0,1,1,0.5,0.5,1,1,0,0,0.5,1,1,0,1,1,1,0.5,0.5,1,1,0.5,0.5,0.5,
ACTIONS,
ACTIONS,0.5,0.5,1,1,0.5,0.5,1,1,
ACTIONS,0.5,0.5,0.5,0,0,0.5,0.5,0,0,0.5,0.5,0,0.5,0.5,0.5,0.5,0.5,1,1,0.5,0.5,1,1,0,0.5,0.5,0.5,0.5,0.5,0.5,0.5,1,
ACTIONS,0.5,0.5,1,0,0.5,0.5,0.5,0,0,0.5,0.5,0.5,0,0,0.5,0.5,0.5,0.5,1,1,0,0.5,0.5,0.5,0,0.5,0.5,1,0,0.5,0.5,1,1,1,1,1,1,0,0,0.5,0.5,0,0,0,0,0,0,0,0,0,0,0,0.5,0.5,0.5,0.5,1,1,1,1,1,1,1,1,0,0.5,0.5,0.5,1,1,1,1,1,1,0.5,0.5,0.5,1,1,1,1,1,1,0,0.5,0.5,1,1,1,
ACTIONS,0,0.5,0.5,0,0.5,0.5,0.5,0,
ACTIONS,0.5,0.5,0.5,0.5,0.5,1,1,1,0,
ACTIONS,
ACTIONS,


Generation,83
ACTIONS,
ACTIONS,0.5,0.5,0.5,0.5,0.5,0.5,1,0,0,0,0.5,
ACTIONS,0,0,0.5,0.5,
ACTIONS,0.5,1,1,1,1,0,0.5,0.5,1,1,0.5,0.5,1,1,1,0,
ACTIONS,0.5,1,1,0,
ACTIONS,0.5,0.5,1,0,0,0,0.5,0.5,0,0.5,0.5,0.5,1,0,0,0.5,0.5,1,1,1,1,1,1,1,1,0,0.5,0.5,0.5,0,0.5,0.5,
ACTIONS,
ACTIONS,0.5,0.5,0.5,0.5,1,1,0,0,0.5,0.5,0,0.5,
ACTIONS,0,0,0.5,1,1,0.5,0.5,1,0,0,0,0.5,
ACTIONS,


Generation,84
ACTIONS,0.5,1,0,0,0.5,0.5,0,0.5,1,1,1,1,1,1,0,0,0.5,
ACTIONS,
ACTIONS,0.5,0.5,1,1,0.5,0.5,0.5,1,1,1,0,0,0,0.5,0.5,1,
ACTIONS,0,
ACTIONS,
ACTIONS,0.5,0.5,0.5,1,1,1,1,
ACTIONS,0.5,0.5,1,0,0,0.5,0.5,0,0,0,
ACTIONS,0.5,0.5,1,0,0,0,0.5,0,0,0.5,0.5,0,0,0.5,0.5,0,0,0.5,0.5,0.5,0.5,0.5,0.5,1,1,0,0.5,0.5,0.5,
ACTIONS,0.5,0.5,0.5,0.5,0.5,
ACTIONS,0,0,0.5,1,1,1,


Generation,85
ACTIONS,0.5,0.5,
ACTIONS,0,0.5,0.5,0,0.5,
ACTIONS,
ACTIONS,0.5,0.5,1,0,0,0,0.5,0.5,
ACTIONS,1,1,1,1,1,0,0.5,0.5,1,1,1,0,0,0.5,1,1,1,0,0.5,0.5,1,0,0,0,0.5,0.5,1,1,1,1,
ACTIONS,0.5,0.5,
ACTIONS,1,0,0.5,0.5,
ACTIONS,0.5,1,0,0.5,0.5,1,0,0,0.5,0.5,0,0.5,0.5,0.5,1,1,1,1,1,1,1,1,1,1,1,1,1,0,
ACTIONS,0.5,0.5,
ACTIONS,0.5,1,0,0,0.5,0.5,0,0.5,0.5,0.5,1,


Generation,86
ACTIONS,0.5,1,0,0,0,0.5,0.5,1,0,0.5,0.5,
ACTIONS,
ACTIONS,
ACTIONS,0.5,
ACTIONS,
ACTIONS,0.5,0.5,0,0.5,0.5,1,0,0.5,0.5,0.5,0,0.5,1,1,1,1,1,1,1,1,
ACTIONS,0.5,1,1,0,0,0,0.5,0,0.5,0.5,0.5,0.5,0,0.5,0.5,0.5,0.5,0.5,0.5,
ACTIONS,0,0.5,0.5,0,0.5,0.5,1,0,0,0.5,1,1,1,1,1,1,1,0,0.5,0.5,0,0,0,0.5,1,1,1,
ACTIONS,1,1,1,
ACTIONS,0.5,0.5,1,1,1,


Generation,87
ACTIONS,0.5,0.5,0.5,0.5,0.5,0.5,0.5,1,0,0,0,0.5,0,0,
ACTIONS,0.5,0.5,0.5,0.5,0.5,1,
ACTIONS,
ACTIONS,0,
ACTIONS,0.5,1,1,1,0,
ACTIONS,
ACTIONS,0.5,
ACTIONS,0.5,1,1,1,0,0,0,0.5,0.5,
ACTIONS,0.5,0.5,1,0.5,0.5,0.5,1,0,0,0,
ACTIONS,


Generation,88
ACTIONS,1,
ACTIONS,
ACTIONS,0.5,
ACTIONS,0.5,1,0,0,0,0.5,0.5,0,0.5,0.5,0.5,0,0,
ACTIONS,0.5,0.5,0.5,0.5,0.5,1,1,1,1,1,1,
ACTIONS,0.5,0.5,0.5,0,0.5,0.5,
ACTIONS,0.5,1,0,0,0.5,0.5,0,0.5,0.5,0.5,0.5,0.5,0.5,
ACTIONS,0.5,0.5,0.5,0.5,0.5,1,1,1,
ACTIONS,0.5,0.5,0.5,0,0.5,0.5,1,0,0.5,0.5,0.5,1,0,0.5,0.5,1,0,0.5,0.5,1,
ACTIONS,0.5,0.5,0,0.5,0.5,0.5,0.5,0.5,1,1,0,0.5,0.5,0.5,0.5,0.5,


Generation,89
ACTIONS,
ACTIONS,
ACTIONS,1,1,0,0.5,0.5,0.5,1,1,1,
ACTIONS,0,0,0.5,0,0,0,0.5,0,0,0,0.5,0.5,0,0,0.5,0.5,1,0,0,0.5,0.5,0,0,0.5,0.5,0.5,1,0,0,
ACTIONS,0.5,1,0,0,0.5,
ACTIONS,1,1,1,1,0,0,0,1,0,1,1,0,0,0.5,
ACTIONS,0.5,0.5,0.5,0.5,0.5,0.5,1,0,0.5,0.5,0.5,0,0.5,0.5,0.5,1,1,1,0.5,0.5,0.5,1,1,1,0,0,0.5,0.5,1,1,0,0.5,0.5,0.5,1,1,0,0,0.5,0.5,0.5,0.5,
ACTIONS,
ACTIONS,0,0,0.5,0.5,0.5,1,0,0.5,0.5,0.5,1,1,1,1,1,1,1,0,1,1,1,0,0.5,0.5,1,1,1,1,1,
ACTIONS,0.5,0.5,1,1,1,0,0,0,0.5,0.5,1,1,0,0.5,0.5,0.5,1,1,1,1,1,1,0,0.5,0.5,


Generation,90
ACTIONS,0,0,0.5,0,0.5,0.5,0.5,0.5,1,0.5,0.5,0.5,1,1,0,0,0.5,0.5,0.5,0,0.5,
ACTIONS,0.5,0.5,0.5,
ACTIONS,0.5,0.5,0.5,0.5,1,1,
ACTIONS,0,0,0.5,0,0,
ACTIONS,0,0.5,0.5,0,0,0.5,0.5,0,0.5,0.5,0.5,0.5,0.5,
ACTIONS,0,0.5,0.5,0.5,0.5,1,1,
ACTIONS,1,1,1,
ACTIONS,1,1,1,1,0,0.5,0.5,1,0,0,0,0.5,0.5,0,0.5,0.5,0.5,0,0.5,0.5,1,0,0,0.5,0.5,0.5,0.5,0.5,0.5,0.5,1,1,0,0,
ACTIONS,0.5,0.5,0,0,0,0,0,0,0.5,0.5,0.5,0,0,0.5,0.5,0.5,0.5,0.5,1,1,0,0,0.5,0.5,0,0.5,0.5,0.5,0,0,0.5,0.5,0,0,0.5,1,
ACTIONS,


Generation,91
ACTIONS,0,1,0,0.5,0.5,1,1,1,0,0,0.5,0.5,0.5,0.5,0.5,1,1,1,0,0.5,0.5,1,0,0,0,0.5,0.5,0,0.5,0.5,1,0,
ACTIONS,
ACTIONS,
ACTIONS,0.5,0.5,0.5,1,1,1,
ACTIONS,0,0,0.5,0,
ACTIONS,0.5,0.5,0.5,1,1,
ACTIONS,0.5,0.5,0,0,0.5,0.5,0.5,0,0.5,0.5,1,0,0.5,0.5,0.5,1,0,0.5,0.5,1,1,1,0,
ACTIONS,
ACTIONS,0.5,0.5,0,0.5,0.5,0.5,1,1,0.5,0.5,0.5,0.5,0.5,0,
ACTIONS,


Generation,92
ACTIONS,0.5,0.5,1,1,1,0.5,0.5,0.5,0.5,0.5,0,0,0.5,0.5,0,0,0.5,0.5,0.5,0.5,1,1,1,1,1,1,1,0,0.5,1,1,1,1,1,1,1,0,0,0.5,0.5,0,0.5,1,1,1,
ACTIONS,
ACTIONS,1,1,1,0,0,0.5,
ACTIONS,0.5,1,0.5,1,1,1,1,0.5,0.5,1,
ACTIONS,0,0,0,0,0,0,0.5,0.5,0.5,1,1,1,0.5,0.5,0.5,0.5,1,1,1,0.5,0.5,0.5,0.5,1,0,0,0,0.5,0,0.5,0.5,0.5,0.5,1,1,1,
ACTIONS,0,0,
ACTIONS,1,
ACTIONS,0,0.5,0.5,0,0,0.5,1,0,0.5,0.5,1,0,0,0.5,0.5,0,0.5,
ACTIONS,0.5,0.5,1,0,0.5,0.5,1,0,0,0.5,0.5,0,0.5,0.5,0.5,1,1,1,1,1,1,0,0,0.5,0.5,1,1,1,1,1,0,0,
ACTIONS,0.5,0.5,1,1,1,


END Best Candidate
ACTIONS,0,0,0,0,0,0,0,0,0,0,0,0,0,0,0,0,0,0,0,0,0,0,0,0,0,0,0,0,0,0,0,0,0,0,0,0,0,0,0,0,0,0,0,0,0,0,0,0,0.5,0.5,1,1,1,1,1,1,1,1,1,1,0,0.5,0.5,0.5,1,1,1,1,1,1,1,1,1,1,1,1,1,1,1,

Generation,93
